street,city,state,zip,address
721 Baca St,Santa Fe,NM,87501,"721 Baca St Santa Fe, NM 87505"
101 W Marcy St,Santa Fe,NM,87501,"101 W Marcy St Santa Fe, NM 87501"
330 Sandoval,Santa Fe,NM,87501,"330 Sandoval Santa Fe, NM 87501"
771 Baca St,Santa Fe,NM,87505,"771 Baca St Santa Fe, NM 87505"
1725 Montano St,Santa Fe,NM,87505,"1725 Montano St Santa Fe, NM 87505"
3138 Rufina St,Santa Fe,NM,87507,"3138 Rufina St Santa Fe, NM 87507"
863 Camino Consuelo,Santa Fe,NM,87507,"863 Camino Consuelo Santa Fe, NM 87507"
3282 La Avenida De San Marcos,Santa Fe,NM,87507,"3282 La Avenida De San Marcos Santa Fe, NM 87507"
2584 Lopez Ln,Santa Fe,NM,87507,"2584 Lopez Ln Santa Fe, NM 87507"
2584 Lopez Ln,Agua Fria,NM,87507,"2584 Lopez Ln Agua Fria, NM 87507"
PO Box 85,Santa Fe,NM,87505,"PO Box 85 Santa Fe, NM 87505"
111 Noaddress,Las Cruces,NM,88011,"111 Noaddress Las Cruces, NM 88011"
115 Noaddress,Las Cruces,NM,88011,"115 Noaddress Las Cruces, NM 88011"
P.O. Box 89,Las Cruces,NM,88011,"P.O. Box 89 Las Cruces, NM 88011"
115 Noaddress,Las Cruces,NM,88011,"115 Noaddress Las Cruces, NM 88011"
adfjladkf,adfaf,NM,87501,"adfjladkf adfaf, NM 87501"
2589 Lopez Ln,Las Cruces,NM,87501,"2589 Lopez Ln Las Cruces, NM 87507"
